Feature,Target_Importance,Base_Importance
LeftTouchPosY_75%,0.028203843348730905,0.022006110510973276
LeftTouchPosY_mean,0.021225348839816967,0.04554015555942561
