Intruder_Type,Success_Rate,Sample_Count
combined,0.02197802197802198,910
movement,0.027932960893854747,1790
physical,0.09664804469273743,1790
