Intruder_Type,Success_Rate,Sample_Count
combined,0.026373626373626374,910
movement,0.0223463687150838,1790
physical,0.05921787709497207,1790
