Intruder_Type,Success_Rate,Group_Count
combined,0.02197802197802198,1092
movement,0.012104283054003724,2148
physical,0.05772811918063315,2148
