Threshold,Success_Rate
0.0,1.0
0.1,0.09502598366740905
0.2,0.0801781737193764
0.30000000000000004,0.06792873051224944
0.4,0.05790645879732739
0.5,0.05438010393466964
0.6000000000000001,0.045842613214550854
0.7000000000000001,0.038604305864884926
0.8,0.034521158129175944
0.9,0.026726057906458798
1.0,0.025983667409057165
