Intruder_Type,Success_Rate,Group_Count
combined,0.018315018315018316,1092
movement,0.021415270018621976,2148
physical,0.10567970204841713,2148
