Threshold,Success_Rate
0.0,1.0
0.1,0.004083147735708983
0.2,0.0016703786191536749
0.30000000000000004,0.0005567928730512249
0.4,0.0
0.5,0.0
0.6000000000000001,0.0
0.7000000000000001,0.0
0.8,0.0
0.9,0.0
1.0,0.0
